project_name,status,reason,run_count,fair_id_count,manual_meta_status,compare_status,compare_return_code,project_report_dir,project_report_html,compare_log_path,dice_mean_diagonal_avg,pearson_mean_diagonal_avg
cue_reactivity,success,completed,1,144,cached,success,0,/home/zorro/repos/autonima-results/projects/cue_reactivity/reports/manual_vs_auto_meta_fair,/home/zorro/repos/autonima-results/projects/cue_reactivity/reports/manual_vs_auto_meta_fair/manual_vs_auto_meta_report.html,/home/zorro/repos/autonima-results/projects/cue_reactivity/reports/manual_vs_auto_meta_fair/fair_manual_meta/logs/compare_meta_to_benchmark.log,0.701828,0.875130
decision_making,success,completed,1,53,cached,success,0,/home/zorro/repos/autonima-results/projects/decision_making/reports/manual_vs_auto_meta_fair,/home/zorro/repos/autonima-results/projects/decision_making/reports/manual_vs_auto_meta_fair/manual_vs_auto_meta_report.html,/home/zorro/repos/autonima-results/projects/decision_making/reports/manual_vs_auto_meta_fair/fair_manual_meta/logs/compare_meta_to_benchmark.log,0.353631,0.632056
dementia,success,completed,3,39,cached,success,0,/home/zorro/repos/autonima-results/projects/dementia/reports/manual_vs_auto_meta_fair,/home/zorro/repos/autonima-results/projects/dementia/reports/manual_vs_auto_meta_fair/manual_vs_auto_meta_report.html,/home/zorro/repos/autonima-results/projects/dementia/reports/manual_vs_auto_meta_fair/fair_manual_meta/logs/compare_meta_to_benchmark.log,0.412801,0.702388
executive_function,skipped,no eligible annotation-only runs after validation,0,0,not_run,not_run,,,,,0.000000,0.000000
problem_solving,success,completed,2,63,cached,success,0,/home/zorro/repos/autonima-results/projects/problem_solving/reports/manual_vs_auto_meta_fair,/home/zorro/repos/autonima-results/projects/problem_solving/reports/manual_vs_auto_meta_fair/manual_vs_auto_meta_report.html,/home/zorro/repos/autonima-results/projects/problem_solving/reports/manual_vs_auto_meta_fair/fair_manual_meta/logs/compare_meta_to_benchmark.log,0.509802,0.705753
social,success,completed,4,134,cached,success,0,/home/zorro/repos/autonima-results/projects/social/reports/manual_vs_auto_meta_fair,/home/zorro/repos/autonima-results/projects/social/reports/manual_vs_auto_meta_fair/manual_vs_auto_meta_report.html,/home/zorro/repos/autonima-results/projects/social/reports/manual_vs_auto_meta_fair/fair_manual_meta/logs/compare_meta_to_benchmark.log,0.496074,0.698039
template_,skipped,template project is not a real run target,0,0,not_run,not_run,,,,,0.000000,0.000000
vbm_of_ptsd,success,completed,1,10,cached,success,0,/home/zorro/repos/autonima-results/projects/vbm_of_ptsd/reports/manual_vs_auto_meta_fair,/home/zorro/repos/autonima-results/projects/vbm_of_ptsd/reports/manual_vs_auto_meta_fair/manual_vs_auto_meta_report.html,/home/zorro/repos/autonima-results/projects/vbm_of_ptsd/reports/manual_vs_auto_meta_fair/fair_manual_meta/logs/compare_meta_to_benchmark.log,0.835543,0.922066
vbm_of_substance_use,success,completed,1,53,cached,success,0,/home/zorro/repos/autonima-results/projects/vbm_of_substance_use/reports/manual_vs_auto_meta_fair,/home/zorro/repos/autonima-results/projects/vbm_of_substance_use/reports/manual_vs_auto_meta_fair/manual_vs_auto_meta_report.html,/home/zorro/repos/autonima-results/projects/vbm_of_substance_use/reports/manual_vs_auto_meta_fair/fair_manual_meta/logs/compare_meta_to_benchmark.log,0.442498,0.799181
